SET GLOBAL SLOW_QUERY_LOG=OFF;
drop table if exists t;
create table t(id INT PRIMARY KEY) engine=InnoDB;
insert into t values(1);
insert into t values(2);
insert into t values(3);
SET GLOBAL SLOW_QUERY_LOG=ON;
SELECT sleep(2);
sleep(2)
0
set log_slow_filter=full_join;
SELECT sleep(2) union select t2.id from t as t1,t as t2;
sleep(2)
0
1
2
3
SELECT sleep(2);
sleep(2)
0
drop table if exists t;
2
