CREATE TABLE t2 (c1 INT, c2 INT) ENGINE = TOKUDB ROW_FORMAT=TOKUDB_SNAPPY;
SHOW CREATE TABLE t2;
Table	Create Table
t2	CREATE TABLE `t2` (
  `c1` int(11) DEFAULT NULL,
  `c2` int(11) DEFAULT NULL
) ENGINE=TokuDB DEFAULT CHARSET=latin1 ROW_FORMAT=TOKUDB_SNAPPY
INSERT INTO t2 VALUES (1,2),(3,4),(5,6);
ALTER TABLE t2 ROW_FORMAT=TOKUDB_DEFAULT;
SHOW CREATE TABLE t2;
Table	Create Table
t2	CREATE TABLE `t2` (
  `c1` int(11) DEFAULT NULL,
  `c2` int(11) DEFAULT NULL
) ENGINE=TokuDB DEFAULT CHARSET=latin1
SELECT * FROM t2 ORDER BY c1;
c1	c2
1	2
3	4
5	6
ALTER TABLE t2 ENGINE=TOKUDB ROW_FORMAT=TOKUDB_DEFAULT;
SHOW CREATE TABLE t2;
Table	Create Table
t2	CREATE TABLE `t2` (
  `c1` int(11) DEFAULT NULL,
  `c2` int(11) DEFAULT NULL
) ENGINE=TokuDB DEFAULT CHARSET=latin1
FLUSH TABLES;
SELECT * FROM t2 ORDER BY c2;
c1	c2
1	2
3	4
5	6
DROP TABLE t2;
